fecha y hora,precio,banda superior,media móvil,banda inferior,acción a tomar
2025-01-02 21:07:06,96843.99,97749.98504989267,96773.637,95797.28895010734,Mantener
